{
  "mood_great": {
    "precision": 0.0,
    "recall": 0.0,
    "f1-score": 0.0,
    "support": 8,
    "confused_with": {
      "feedback": 4,
      "mood_unhappy": 1,
      "ask_for_opening_hours": 1
    }
  },
  "state_user_ID": {
    "precision": 1.0,
    "recall": 1.0,
    "f1-score": 1.0,
    "support": 7,
    "confused_with": {}
  },
  "greet": {
    "precision": 0.75,
    "recall": 0.5,
    "f1-score": 0.6,
    "support": 36,
    "confused_with": {
      "affirm": 4,
      "inform_time_and_day": 4
    }
  },
  "goodbye": {
    "precision": 0.7727272727272727,
    "recall": 0.68,
    "f1-score": 0.7234042553191491,
    "support": 25,
    "confused_with": {
      "affirm": 2,
      "book_session": 2
    }
  },
  "state_slot": {
    "precision": 0.8333333333333334,
    "recall": 0.7692307692307693,
    "f1-score": 0.8,
    "support": 13,
    "confused_with": {
      "state_name": 1,
      "mood_unhappy": 1
    }
  },
  "calm_down": {
    "precision": 0.7142857142857143,
    "recall": 0.6666666666666666,
    "f1-score": 0.689655172413793,
    "support": 15,
    "confused_with": {
      "thank": 1,
      "state_name": 1
    }
  },
  "mood_unhappy": {
    "precision": 0.46153846153846156,
    "recall": 0.6,
    "f1-score": 0.5217391304347826,
    "support": 10,
    "confused_with": {
      "feedback": 3,
      "affirm": 1
    }
  },
  "ask_assistance": {
    "precision": 0.36363636363636365,
    "recall": 0.4444444444444444,
    "f1-score": 0.39999999999999997,
    "support": 9,
    "confused_with": {
      "feedback": 2,
      "ask_faq": 1
    }
  },
  "chatter": {
    "precision": 0.3157894736842105,
    "recall": 0.4,
    "f1-score": 0.35294117647058826,
    "support": 15,
    "confused_with": {
      "feedback": 2,
      "ask_for_opening_hours": 2
    }
  },
  "suggest": {
    "precision": 0.0,
    "recall": 0.0,
    "f1-score": 0.0,
    "support": 3,
    "confused_with": {
      "chatter": 2,
      "ask_faq": 1
    }
  },
  "thank": {
    "precision": 0.7647058823529411,
    "recall": 0.8666666666666667,
    "f1-score": 0.8125,
    "support": 30,
    "confused_with": {
      "mood_unhappy": 1,
      "ask_assistance": 1
    }
  },
  "ask_for_opening_hours": {
    "precision": 0.8235294117647058,
    "recall": 0.9333333333333333,
    "f1-score": 0.8749999999999999,
    "support": 15,
    "confused_with": {
      "feedback": 1
    }
  },
  "state_e-mail": {
    "precision": 1.0,
    "recall": 0.9583333333333334,
    "f1-score": 0.9787234042553191,
    "support": 24,
    "confused_with": {
      "state_slot": 1
    }
  },
  "ask_more": {
    "precision": 1.0,
    "recall": 0.1,
    "f1-score": 0.18181818181818182,
    "support": 10,
    "confused_with": {
      "deny": 2,
      "ask_faq": 2,
      "book_session": 2
    }
  },
  "out_of_scope": {
    "precision": 0.0,
    "recall": 0.0,
    "f1-score": 0.0,
    "support": 4,
    "confused_with": {
      "feedback": 2,
      "mood_unhappy": 1,
      "book_session": 1
    }
  },
  "apply": {
    "precision": 0.5,
    "recall": 0.2222222222222222,
    "f1-score": 0.30769230769230765,
    "support": 9,
    "confused_with": {
      "book_session": 4,
      "ask_assistance": 2
    }
  },
  "bot_challenge": {
    "precision": 1.0,
    "recall": 0.75,
    "f1-score": 0.8571428571428571,
    "support": 4,
    "confused_with": {
      "ask_for_form": 1
    }
  },
  "state_name": {
    "precision": 0.8833333333333333,
    "recall": 0.9464285714285714,
    "f1-score": 0.9137931034482758,
    "support": 56,
    "confused_with": {
      "feedback": 1,
      "ask_for_form": 1
    }
  },
  "book_session": {
    "precision": 0.5405405405405406,
    "recall": 0.8695652173913043,
    "f1-score": 0.6666666666666666,
    "support": 23,
    "confused_with": {
      "affirm": 1,
      "ask_assistance": 1
    }
  },
  "feedback": {
    "precision": 0.475,
    "recall": 0.5135135135135135,
    "f1-score": 0.4935064935064935,
    "support": 37,
    "confused_with": {
      "mood_unhappy": 3,
      "deny": 3
    }
  },
  "ask_for_form": {
    "precision": 0.5555555555555556,
    "recall": 0.5,
    "f1-score": 0.5263157894736842,
    "support": 10,
    "confused_with": {
      "chatter": 2,
      "apply": 1
    }
  },
  "inform_time_and_day": {
    "precision": 0.8771929824561403,
    "recall": 0.8771929824561403,
    "f1-score": 0.8771929824561403,
    "support": 57,
    "confused_with": {
      "chatter": 2,
      "affirm": 1
    }
  },
  "ask_faq": {
    "precision": 0.7777777777777778,
    "recall": 0.84,
    "f1-score": 0.8076923076923077,
    "support": 25,
    "confused_with": {
      "chatter": 2,
      "apply": 1
    }
  },
  "affirm": {
    "precision": 0.44,
    "recall": 0.4782608695652174,
    "f1-score": 0.4583333333333333,
    "support": 23,
    "confused_with": {
      "deny": 6,
      "inform_time_and_day": 2
    }
  },
  "deny": {
    "precision": 0.5172413793103449,
    "recall": 0.6521739130434783,
    "f1-score": 0.576923076923077,
    "support": 23,
    "confused_with": {
      "feedback": 3,
      "ask_assistance": 2
    }
  },
  "accuracy": 0.6945010183299389,
  "macro avg": {
    "precision": 0.6146474992918678,
    "recall": 0.5827213001318264,
    "f1-score": 0.5768416095618782,
    "support": 491
  },
  "weighted avg": {
    "precision": 0.6960804955793722,
    "recall": 0.6945010183299389,
    "f1-score": 0.6814228901177657,
    "support": 491
  }
}