{
  "name": {
    "precision": 0.8676470588235294,
    "recall": 0.8762376237623762,
    "f1-score": 0.87192118226601,
    "support": 202
  },
  "time-slot": {
    "precision": 0.8888888888888888,
    "recall": 0.47058823529411764,
    "f1-score": 0.6153846153846153,
    "support": 17
  },
  "e-mail": {
    "precision": 0.9473684210526315,
    "recall": 0.8235294117647058,
    "f1-score": 0.881118881118881,
    "support": 153
  },
  "subject": {
    "precision": 0.7307692307692307,
    "recall": 0.5588235294117647,
    "f1-score": 0.6333333333333334,
    "support": 34
  },
  "day": {
    "precision": 0.9375,
    "recall": 0.7758620689655172,
    "f1-score": 0.8490566037735848,
    "support": 58
  },
  "user_ID": {
    "precision": 0.8518518518518519,
    "recall": 1.0,
    "f1-score": 0.92,
    "support": 23
  },
  "time_of_day": {
    "precision": 0.7777777777777778,
    "recall": 0.5833333333333334,
    "f1-score": 0.6666666666666666,
    "support": 12
  },
  "micro avg": {
    "precision": 0.8881578947368421,
    "recall": 0.811623246492986,
    "f1-score": 0.8481675392670157,
    "support": 499
  },
  "macro avg": {
    "precision": 0.85740046130913,
    "recall": 0.7269106003616878,
    "f1-score": 0.7767830403632988,
    "support": 499
  },
  "weighted avg": {
    "precision": 0.8887179663058047,
    "recall": 0.811623246492986,
    "f1-score": 0.8443675800454161,
    "support": 499
  }
}