{
  "affirm": {
    "precision": 0.5789473684210527,
    "recall": 0.4782608695652174,
    "f1-score": 0.5238095238095238,
    "support": 23,
    "confused_with": {
      "feedback": 3,
      "ask_for_opening_hours": 2
    }
  },
  "suggest": {
    "precision": 0.0,
    "recall": 0.0,
    "f1-score": 0.0,
    "support": 3,
    "confused_with": {
      "inform_time_and_day": 2,
      "deny": 1
    }
  },
  "state_slot": {
    "precision": 0.7058823529411765,
    "recall": 0.9230769230769231,
    "f1-score": 0.8000000000000002,
    "support": 13,
    "confused_with": {
      "thank": 1
    }
  },
  "feedback": {
    "precision": 0.6153846153846154,
    "recall": 0.6486486486486487,
    "f1-score": 0.631578947368421,
    "support": 37,
    "confused_with": {
      "chatter": 3,
      "mood_great": 2
    }
  },
  "ask_for_opening_hours": {
    "precision": 0.3793103448275862,
    "recall": 0.7333333333333333,
    "f1-score": 0.5,
    "support": 15,
    "confused_with": {
      "inform_time_and_day": 4
    }
  },
  "out_of_scope": {
    "precision": 0.0,
    "recall": 0.0,
    "f1-score": 0.0,
    "support": 4,
    "confused_with": {
      "feedback": 1,
      "book_session": 1,
      "greet": 1
    }
  },
  "apply": {
    "precision": 0.6666666666666666,
    "recall": 0.6666666666666666,
    "f1-score": 0.6666666666666666,
    "support": 9,
    "confused_with": {
      "affirm": 1,
      "inform_time_and_day": 1
    }
  },
  "inform_time_and_day": {
    "precision": 0.8269230769230769,
    "recall": 0.7543859649122807,
    "f1-score": 0.7889908256880734,
    "support": 57,
    "confused_with": {
      "ask_for_opening_hours": 8,
      "greet": 4
    }
  },
  "book_session": {
    "precision": 0.8,
    "recall": 0.6956521739130435,
    "f1-score": 0.7441860465116279,
    "support": 23,
    "confused_with": {
      "ask_more": 2,
      "feedback": 1
    }
  },
  "chatter": {
    "precision": 0.21739130434782608,
    "recall": 0.3333333333333333,
    "f1-score": 0.26315789473684204,
    "support": 15,
    "confused_with": {
      "affirm": 2,
      "greet": 1
    }
  },
  "goodbye": {
    "precision": 0.76,
    "recall": 0.76,
    "f1-score": 0.76,
    "support": 25,
    "confused_with": {
      "feedback": 2,
      "greet": 2
    }
  },
  "bot_challenge": {
    "precision": 0.25,
    "recall": 0.5,
    "f1-score": 0.3333333333333333,
    "support": 4,
    "confused_with": {
      "ask_for_opening_hours": 1,
      "chatter": 1
    }
  },
  "deny": {
    "precision": 0.6086956521739131,
    "recall": 0.6086956521739131,
    "f1-score": 0.6086956521739131,
    "support": 23,
    "confused_with": {
      "feedback": 3,
      "ask_for_opening_hours": 2
    }
  },
  "calm_down": {
    "precision": 0.8333333333333334,
    "recall": 0.6666666666666666,
    "f1-score": 0.7407407407407408,
    "support": 15,
    "confused_with": {
      "ask_faq": 2,
      "greet": 1
    }
  },
  "ask_assistance": {
    "precision": 0.8888888888888888,
    "recall": 0.8888888888888888,
    "f1-score": 0.8888888888888888,
    "support": 9,
    "confused_with": {
      "greet": 1
    }
  },
  "state_name": {
    "precision": 0.9361702127659575,
    "recall": 0.7857142857142857,
    "f1-score": 0.854368932038835,
    "support": 56,
    "confused_with": {
      "ask_faq": 3,
      "greet": 2
    }
  },
  "greet": {
    "precision": 0.6,
    "recall": 0.75,
    "f1-score": 0.6666666666666665,
    "support": 36,
    "confused_with": {
      "chatter": 3,
      "goodbye": 3
    }
  },
  "ask_more": {
    "precision": 0.36363636363636365,
    "recall": 0.4,
    "f1-score": 0.380952380952381,
    "support": 10,
    "confused_with": {
      "ask_faq": 2,
      "deny": 1
    }
  },
  "ask_for_form": {
    "precision": 0.875,
    "recall": 0.7,
    "f1-score": 0.7777777777777777,
    "support": 10,
    "confused_with": {
      "affirm": 1,
      "apply": 1
    }
  },
  "mood_great": {
    "precision": 0.42857142857142855,
    "recall": 0.375,
    "f1-score": 0.39999999999999997,
    "support": 8,
    "confused_with": {
      "feedback": 2,
      "affirm": 2
    }
  },
  "ask_faq": {
    "precision": 0.6785714285714286,
    "recall": 0.76,
    "f1-score": 0.7169811320754718,
    "support": 25,
    "confused_with": {
      "apply": 2,
      "ask_more": 2
    }
  },
  "thank": {
    "precision": 0.8620689655172413,
    "recall": 0.8333333333333334,
    "f1-score": 0.847457627118644,
    "support": 30,
    "confused_with": {
      "chatter": 1,
      "bot_challenge": 1
    }
  },
  "state_user_ID": {
    "precision": 0.0,
    "recall": 0.0,
    "f1-score": 0.0,
    "support": 7,
    "confused_with": {
      "state_slot": 4,
      "chatter": 2,
      "mood_unhappy": 1
    }
  },
  "mood_unhappy": {
    "precision": 0.75,
    "recall": 0.6,
    "f1-score": 0.6666666666666665,
    "support": 10,
    "confused_with": {
      "feedback": 2,
      "mood_great": 1
    }
  },
  "state_e-mail": {
    "precision": 0.8947368421052632,
    "recall": 0.7083333333333334,
    "f1-score": 0.7906976744186046,
    "support": 24,
    "confused_with": {
      "state_name": 3,
      "affirm": 1
    }
  },
  "accuracy": 0.6782077393075356,
  "macro avg": {
    "precision": 0.5808071538030327,
    "recall": 0.5827996029423947,
    "f1-score": 0.5740646951053231,
    "support": 491
  },
  "weighted avg": {
    "precision": 0.6963078143045922,
    "recall": 0.6782077393075356,
    "f1-score": 0.681100282788943,
    "support": 491
  }
}