{
  "user_ID": {
    "precision": 0.9583333333333334,
    "recall": 1.0,
    "f1-score": 0.9787234042553191,
    "support": 23
  },
  "name": {
    "precision": 0.8509615384615384,
    "recall": 0.8762376237623762,
    "f1-score": 0.8634146341463415,
    "support": 202
  },
  "time_of_day": {
    "precision": 1.0,
    "recall": 0.3333333333333333,
    "f1-score": 0.5,
    "support": 12
  },
  "day": {
    "precision": 0.9333333333333333,
    "recall": 0.7241379310344828,
    "f1-score": 0.8155339805825242,
    "support": 58
  },
  "time-slot": {
    "precision": 0.45454545454545453,
    "recall": 0.29411764705882354,
    "f1-score": 0.35714285714285715,
    "support": 17
  },
  "subject": {
    "precision": 0.8666666666666667,
    "recall": 0.7647058823529411,
    "f1-score": 0.8125,
    "support": 34
  },
  "e-mail": {
    "precision": 0.8692307692307693,
    "recall": 0.738562091503268,
    "f1-score": 0.7985865724381626,
    "support": 153
  },
  "micro avg": {
    "precision": 0.8628318584070797,
    "recall": 0.781563126252505,
    "f1-score": 0.8201892744479495,
    "support": 499
  },
  "macro avg": {
    "precision": 0.8475815850815851,
    "recall": 0.6758706441493177,
    "f1-score": 0.7322716355093151,
    "support": 499
  },
  "weighted avg": {
    "precision": 0.862235426564084,
    "recall": 0.781563126252505,
    "f1-score": 0.8138307403280305,
    "support": 499
  }
}